env,endpoint,iteration,latency_ms,status,ok
isardvdi,/health,1,6.2572,200,True
isardvdi,/health,2,9.1004,200,True
isardvdi,/health,3,5.2926,200,True
isardvdi,/health,4,12.0645,200,True
isardvdi,/health,5,11.3525,200,True
isardvdi,/health,6,8.7241,200,True
isardvdi,/health,7,8.7666,200,True
isardvdi,/health,8,8.5668,200,True
isardvdi,/health,9,7.7003,200,True
isardvdi,/health,10,4.9845,200,True
isardvdi,/health,11,5.08,200,True
isardvdi,/health,12,4.894,200,True
isardvdi,/health,13,4.8938,200,True
isardvdi,/health,14,5.3024,200,True
isardvdi,/health,15,5.713,200,True
isardvdi,/health,16,11.9132,200,True
isardvdi,/health,17,11.2027,200,True
isardvdi,/health,18,9.0691,200,True
isardvdi,/health,19,8.7554,200,True
isardvdi,/health,20,8.6992,200,True
isardvdi,/health,21,7.9609,200,True
isardvdi,/health,22,5.0436,200,True
isardvdi,/health,23,10.6757,200,True
isardvdi,/health,24,8.8748,200,True
isardvdi,/health,25,8.6801,200,True
isardvdi,/health,26,8.7479,200,True
isardvdi,/health,27,8.0948,200,True
isardvdi,/health,28,5.476,200,True
isardvdi,/health,29,5.3591,200,True
isardvdi,/health,30,12.1977,200,True
isardvdi,/health,31,11.9366,200,True
isardvdi,/health,32,11.8485,200,True
isardvdi,/health,33,9.8114,200,True
isardvdi,/health,34,12.2912,200,True
isardvdi,/health,35,12.2845,200,True
isardvdi,/health,36,11.7546,200,True
isardvdi,/health,37,10.0273,200,True
isardvdi,/health,38,9.0689,200,True
isardvdi,/health,39,12.3075,200,True
isardvdi,/health,40,11.8914,200,True
isardvdi,/health,41,11.621,200,True
isardvdi,/health,42,9.1593,200,True
isardvdi,/health,43,8.6656,200,True
isardvdi,/health,44,8.7983,200,True
isardvdi,/health,45,7.8708,200,True
isardvdi,/health,46,5.1853,200,True
isardvdi,/health,47,5.1156,200,True
isardvdi,/health,48,5.3568,200,True
isardvdi,/health,49,5.4688,200,True
isardvdi,/health,50,5.3852,200,True
isardvdi,/zones,1,1.8328,200,True
isardvdi,/zones,2,1.2764,200,True
isardvdi,/zones,3,1.2287,200,True
isardvdi,/zones,4,1.078,200,True
isardvdi,/zones,5,1.6769,200,True
isardvdi,/zones,6,1.163,200,True
isardvdi,/zones,7,1.0342,200,True
isardvdi,/zones,8,1.033,200,True
isardvdi,/zones,9,1.0307,200,True
isardvdi,/zones,10,1.0481,200,True
isardvdi,/zones,11,1.6474,200,True
isardvdi,/zones,12,2.9389,200,True
isardvdi,/zones,13,4.29,200,True
isardvdi,/zones,14,1.7205,200,True
isardvdi,/zones,15,2.4609,200,True
isardvdi,/zones,16,5.4953,200,True
isardvdi,/zones,17,3.6679,200,True
isardvdi,/zones,18,1.8336,200,True
isardvdi,/zones,19,3.7764,200,True
isardvdi,/zones,20,1.273,200,True
isardvdi,/zones,21,3.2147,200,True
isardvdi,/zones,22,1.0716,200,True
isardvdi,/zones,23,2.8086,200,True
isardvdi,/zones,24,1.1202,200,True
isardvdi,/zones,25,2.8911,200,True
isardvdi,/zones,26,0.9878,200,True
isardvdi,/zones,27,0.9343,200,True
isardvdi,/zones,28,5.739,200,True
isardvdi,/zones,29,0.642,200,True
isardvdi,/zones,30,0.6165,200,True
isardvdi,/zones,31,0.6117,200,True
isardvdi,/zones,32,0.5962,200,True
isardvdi,/zones,33,2.6334,200,True
isardvdi,/zones,34,1.6366,200,True
isardvdi,/zones,35,2.1723,200,True
isardvdi,/zones,36,1.5517,200,True
isardvdi,/zones,37,0.832,200,True
isardvdi,/zones,38,1.483,200,True
isardvdi,/zones,39,0.5609,200,True
isardvdi,/zones,40,2.4864,200,True
isardvdi,/zones,41,0.8187,200,True
isardvdi,/zones,42,0.6053,200,True
isardvdi,/zones,43,0.7697,200,True
isardvdi,/zones,44,2.82,200,True
isardvdi,/zones,45,0.9588,200,True
isardvdi,/zones,46,1.5999,200,True
isardvdi,/zones,47,3.8291,200,True
isardvdi,/zones,48,1.3902,200,True
isardvdi,/zones,49,0.6,200,True
isardvdi,/zones,50,1.0841,200,True
isardvdi,/model/summary,1,1.2804,200,True
isardvdi,/model/summary,2,3.6068,200,True
isardvdi,/model/summary,3,0.8654,200,True
isardvdi,/model/summary,4,0.5885,200,True
isardvdi,/model/summary,5,0.5887,200,True
isardvdi,/model/summary,6,0.5607,200,True
isardvdi,/model/summary,7,2.4801,200,True
isardvdi,/model/summary,8,1.1731,200,True
isardvdi,/model/summary,9,2.7156,200,True
isardvdi,/model/summary,10,1.0929,200,True
isardvdi,/model/summary,11,0.5418,200,True
isardvdi,/model/summary,12,0.5698,200,True
isardvdi,/model/summary,13,0.5214,200,True
isardvdi,/model/summary,14,0.5023,200,True
isardvdi,/model/summary,15,0.4962,200,True
isardvdi,/model/summary,16,0.5049,200,True
isardvdi,/model/summary,17,0.7803,200,True
isardvdi,/model/summary,18,1.9342,200,True
isardvdi,/model/summary,19,0.5664,200,True
isardvdi,/model/summary,20,0.6175,200,True
isardvdi,/model/summary,21,1.0765,200,True
isardvdi,/model/summary,22,1.891,200,True
isardvdi,/model/summary,23,0.6216,200,True
isardvdi,/model/summary,24,0.7843,200,True
isardvdi,/model/summary,25,0.5826,200,True
isardvdi,/model/summary,26,0.5416,200,True
isardvdi,/model/summary,27,1.0097,200,True
isardvdi,/model/summary,28,0.9683,200,True
isardvdi,/model/summary,29,0.7695,200,True
isardvdi,/model/summary,30,4.0754,200,True
isardvdi,/model/summary,31,0.723,200,True
isardvdi,/model/summary,32,0.5625,200,True
isardvdi,/model/summary,33,0.6177,200,True
isardvdi,/model/summary,34,0.6762,200,True
isardvdi,/model/summary,35,2.4287,200,True
isardvdi,/model/summary,36,0.5863,200,True
isardvdi,/model/summary,37,2.4809,200,True
isardvdi,/model/summary,38,3.4878,200,True
isardvdi,/model/summary,39,0.8425,200,True
isardvdi,/model/summary,40,0.7754,200,True
isardvdi,/model/summary,41,0.6171,200,True
isardvdi,/model/summary,42,0.6028,200,True
isardvdi,/model/summary,43,0.5142,200,True
isardvdi,/model/summary,44,0.48,200,True
isardvdi,/model/summary,45,0.4835,200,True
isardvdi,/model/summary,46,0.473,200,True
isardvdi,/model/summary,47,0.4746,200,True
isardvdi,/model/summary,48,0.6745,200,True
isardvdi,/model/summary,49,0.5229,200,True
isardvdi,/model/summary,50,0.4902,200,True
isardvdi,/legends/risk,1,0.7411,200,True
isardvdi,/legends/risk,2,0.5113,200,True
isardvdi,/legends/risk,3,0.4749,200,True
isardvdi,/legends/risk,4,0.4743,200,True
isardvdi,/legends/risk,5,0.4677,200,True
isardvdi,/legends/risk,6,0.47,200,True
isardvdi,/legends/risk,7,0.6752,200,True
isardvdi,/legends/risk,8,0.5268,200,True
isardvdi,/legends/risk,9,2.2734,200,True
isardvdi,/legends/risk,10,0.7984,200,True
isardvdi,/legends/risk,11,0.7364,200,True
isardvdi,/legends/risk,12,0.6598,200,True
isardvdi,/legends/risk,13,0.6928,200,True
isardvdi,/legends/risk,14,0.5706,200,True
isardvdi,/legends/risk,15,0.4985,200,True
isardvdi,/legends/risk,16,0.5077,200,True
isardvdi,/legends/risk,17,0.4807,200,True
isardvdi,/legends/risk,18,0.4909,200,True
isardvdi,/legends/risk,19,0.4855,200,True
isardvdi,/legends/risk,20,0.5043,200,True
isardvdi,/legends/risk,21,0.4738,200,True
isardvdi,/legends/risk,22,0.4978,200,True
isardvdi,/legends/risk,23,0.6908,200,True
isardvdi,/legends/risk,24,0.5272,200,True
isardvdi,/legends/risk,25,0.517,200,True
isardvdi,/legends/risk,26,0.4959,200,True
isardvdi,/legends/risk,27,0.5208,200,True
isardvdi,/legends/risk,28,0.5036,200,True
isardvdi,/legends/risk,29,0.4993,200,True
isardvdi,/legends/risk,30,0.5694,200,True
isardvdi,/legends/risk,31,0.5073,200,True
isardvdi,/legends/risk,32,0.4814,200,True
isardvdi,/legends/risk,33,0.5224,200,True
isardvdi,/legends/risk,34,1.1275,200,True
isardvdi,/legends/risk,35,0.6565,200,True
isardvdi,/legends/risk,36,0.5321,200,True
isardvdi,/legends/risk,37,0.5214,200,True
isardvdi,/legends/risk,38,0.8506,200,True
isardvdi,/legends/risk,39,0.7147,200,True
isardvdi,/legends/risk,40,0.6042,200,True
isardvdi,/legends/risk,41,0.6693,200,True
isardvdi,/legends/risk,42,0.5967,200,True
isardvdi,/legends/risk,43,0.5502,200,True
isardvdi,/legends/risk,44,0.5223,200,True
isardvdi,/legends/risk,45,0.5434,200,True
isardvdi,/legends/risk,46,0.4971,200,True
isardvdi,/legends/risk,47,0.513,200,True
isardvdi,/legends/risk,48,0.6337,200,True
isardvdi,/legends/risk,49,0.5325,200,True
isardvdi,/legends/risk,50,0.529,200,True
isardvdi,/legends/surf,1,0.7671,200,True
isardvdi,/legends/surf,2,0.5483,200,True
isardvdi,/legends/surf,3,0.5305,200,True
isardvdi,/legends/surf,4,0.5126,200,True
isardvdi,/legends/surf,5,0.5198,200,True
isardvdi,/legends/surf,6,1.8097,200,True
isardvdi,/legends/surf,7,0.6668,200,True
isardvdi,/legends/surf,8,0.5844,200,True
isardvdi,/legends/surf,9,0.5487,200,True
isardvdi,/legends/surf,10,0.5098,200,True
isardvdi,/legends/surf,11,0.5093,200,True
isardvdi,/legends/surf,12,0.5295,200,True
isardvdi,/legends/surf,13,0.5033,200,True
isardvdi,/legends/surf,14,0.6292,200,True
isardvdi,/legends/surf,15,0.6456,200,True
isardvdi,/legends/surf,16,0.8852,200,True
isardvdi,/legends/surf,17,0.6122,200,True
isardvdi,/legends/surf,18,0.5591,200,True
isardvdi,/legends/surf,19,0.532,200,True
isardvdi,/legends/surf,20,0.5145,200,True
isardvdi,/legends/surf,21,0.5186,200,True
isardvdi,/legends/surf,22,0.5208,200,True
isardvdi,/legends/surf,23,0.5198,200,True
isardvdi,/legends/surf,24,0.5925,200,True
isardvdi,/legends/surf,25,0.6217,200,True
isardvdi,/legends/surf,26,0.5598,200,True
isardvdi,/legends/surf,27,0.5418,200,True
isardvdi,/legends/surf,28,0.5932,200,True
isardvdi,/legends/surf,29,0.6115,200,True
isardvdi,/legends/surf,30,0.5735,200,True
isardvdi,/legends/surf,31,0.5297,200,True
isardvdi,/legends/surf,32,0.5114,200,True
isardvdi,/legends/surf,33,0.5887,200,True
isardvdi,/legends/surf,34,0.9324,200,True
isardvdi,/legends/surf,35,0.7509,200,True
isardvdi,/legends/surf,36,0.6065,200,True
isardvdi,/legends/surf,37,0.56,200,True
isardvdi,/legends/surf,38,0.5487,200,True
isardvdi,/legends/surf,39,0.5369,200,True
isardvdi,/legends/surf,40,0.5357,200,True
isardvdi,/legends/surf,41,0.5424,200,True
isardvdi,/legends/surf,42,0.9842,200,True
isardvdi,/legends/surf,43,0.6758,200,True
isardvdi,/legends/surf,44,0.5622,200,True
isardvdi,/legends/surf,45,0.5414,200,True
isardvdi,/legends/surf,46,0.5329,200,True
isardvdi,/legends/surf,47,0.5448,200,True
isardvdi,/legends/surf,48,0.5388,200,True
isardvdi,/legends/surf,49,0.544,200,True
isardvdi,/legends/surf,50,0.8097,200,True
isardvdi,/examples,1,0.9119,200,True
isardvdi,/examples,2,0.614,200,True
isardvdi,/examples,3,0.5969,200,True
isardvdi,/examples,4,0.5514,200,True
isardvdi,/examples,5,0.5405,200,True
isardvdi,/examples,6,0.542,200,True
isardvdi,/examples,7,0.5298,200,True
isardvdi,/examples,8,0.7672,200,True
isardvdi,/examples,9,0.7333,200,True
isardvdi,/examples,10,0.6026,200,True
isardvdi,/examples,11,0.5796,200,True
isardvdi,/examples,12,0.5346,200,True
isardvdi,/examples,13,0.5463,200,True
isardvdi,/examples,14,0.5261,200,True
isardvdi,/examples,15,0.5423,200,True
isardvdi,/examples,16,0.5319,200,True
isardvdi,/examples,17,0.5293,200,True
isardvdi,/examples,18,0.999,200,True
isardvdi,/examples,19,0.8253,200,True
isardvdi,/examples,20,0.6093,200,True
isardvdi,/examples,21,0.5919,200,True
isardvdi,/examples,22,0.8149,200,True
isardvdi,/examples,23,0.8409,200,True
isardvdi,/examples,24,0.7914,200,True
isardvdi,/examples,25,0.8435,200,True
isardvdi,/examples,26,0.6783,200,True
isardvdi,/examples,27,0.6026,200,True
isardvdi,/examples,28,1.0075,200,True
isardvdi,/examples,29,0.9589,200,True
isardvdi,/examples,30,0.7959,200,True
isardvdi,/examples,31,0.6934,200,True
isardvdi,/examples,32,0.7719,200,True
isardvdi,/examples,33,0.6443,200,True
isardvdi,/examples,34,0.606,200,True
isardvdi,/examples,35,0.6016,200,True
isardvdi,/examples,36,0.5983,200,True
isardvdi,/examples,37,0.5756,200,True
isardvdi,/examples,38,0.5956,200,True
isardvdi,/examples,39,0.5742,200,True
isardvdi,/examples,40,1.0192,200,True
isardvdi,/examples,41,0.6765,200,True
isardvdi,/examples,42,0.618,200,True
isardvdi,/examples,43,1.0916,200,True
isardvdi,/examples,44,0.8948,200,True
isardvdi,/examples,45,0.6516,200,True
isardvdi,/examples,46,0.7826,200,True
isardvdi,/examples,47,0.632,200,True
isardvdi,/examples,48,0.6229,200,True
isardvdi,/examples,49,0.5958,200,True
isardvdi,/examples,50,0.5896,200,True
isardvdi,/predict/all?horizon=24,1,0.9408,200,True
isardvdi,/predict/all?horizon=24,2,0.8354,200,True
isardvdi,/predict/all?horizon=24,3,1.0688,200,True
isardvdi,/predict/all?horizon=24,4,1.028,200,True
isardvdi,/predict/all?horizon=24,5,0.8865,200,True
isardvdi,/predict/all?horizon=24,6,0.8496,200,True
isardvdi,/predict/all?horizon=24,7,0.8237,200,True
isardvdi,/predict/all?horizon=24,8,0.8176,200,True
isardvdi,/predict/all?horizon=24,9,0.7878,200,True
isardvdi,/predict/all?horizon=24,10,0.9551,200,True
isardvdi,/predict/all?horizon=24,11,0.8226,200,True
isardvdi,/predict/all?horizon=24,12,0.816,200,True
isardvdi,/predict/all?horizon=24,13,0.7683,200,True
isardvdi,/predict/all?horizon=24,14,0.7751,200,True
isardvdi,/predict/all?horizon=24,15,0.8085,200,True
isardvdi,/predict/all?horizon=24,16,0.847,200,True
isardvdi,/predict/all?horizon=24,17,0.9202,200,True
isardvdi,/predict/all?horizon=24,18,0.858,200,True
isardvdi,/predict/all?horizon=24,19,0.8161,200,True
isardvdi,/predict/all?horizon=24,20,0.789,200,True
isardvdi,/predict/all?horizon=24,21,0.7993,200,True
isardvdi,/predict/all?horizon=24,22,0.7648,200,True
isardvdi,/predict/all?horizon=24,23,0.8045,200,True
isardvdi,/predict/all?horizon=24,24,0.9079,200,True
isardvdi,/predict/all?horizon=24,25,0.8089,200,True
isardvdi,/predict/all?horizon=24,26,0.7794,200,True
isardvdi,/predict/all?horizon=24,27,0.7661,200,True
isardvdi,/predict/all?horizon=24,28,0.7718,200,True
isardvdi,/predict/all?horizon=24,29,0.91,200,True
isardvdi,/predict/all?horizon=24,30,1.0089,200,True
isardvdi,/predict/all?horizon=24,31,1.2172,200,True
isardvdi,/predict/all?horizon=24,32,0.8654,200,True
isardvdi,/predict/all?horizon=24,33,0.9541,200,True
isardvdi,/predict/all?horizon=24,34,0.9977,200,True
isardvdi,/predict/all?horizon=24,35,0.853,200,True
isardvdi,/predict/all?horizon=24,36,0.9337,200,True
isardvdi,/predict/all?horizon=24,37,0.8745,200,True
isardvdi,/predict/all?horizon=24,38,0.8494,200,True
isardvdi,/predict/all?horizon=24,39,0.8282,200,True
isardvdi,/predict/all?horizon=24,40,0.7888,200,True
isardvdi,/predict/all?horizon=24,41,0.7582,200,True
isardvdi,/predict/all?horizon=24,42,0.7922,200,True
isardvdi,/predict/all?horizon=24,43,0.7942,200,True
isardvdi,/predict/all?horizon=24,44,0.8129,200,True
isardvdi,/predict/all?horizon=24,45,0.863,200,True
isardvdi,/predict/all?horizon=24,46,0.8791,200,True
isardvdi,/predict/all?horizon=24,47,0.8027,200,True
isardvdi,/predict/all?horizon=24,48,0.8446,200,True
isardvdi,/predict/all?horizon=24,49,0.8197,200,True
isardvdi,/predict/all?horizon=24,50,0.921,200,True
isardvdi,/predict/CAN_EH_PUERTO_DE_LA_ESTACA,1,1.3087,200,True
isardvdi,/predict/CAN_EH_PUERTO_DE_LA_ESTACA,2,0.7803,200,True
isardvdi,/predict/CAN_EH_PUERTO_DE_LA_ESTACA,3,0.7238,200,True
isardvdi,/predict/CAN_EH_PUERTO_DE_LA_ESTACA,4,0.7109,200,True
isardvdi,/predict/CAN_EH_PUERTO_DE_LA_ESTACA,5,0.6601,200,True
isardvdi,/predict/CAN_EH_PUERTO_DE_LA_ESTACA,6,0.7159,200,True
isardvdi,/predict/CAN_EH_PUERTO_DE_LA_ESTACA,7,0.7581,200,True
isardvdi,/predict/CAN_EH_PUERTO_DE_LA_ESTACA,8,0.7362,200,True
isardvdi,/predict/CAN_EH_PUERTO_DE_LA_ESTACA,9,0.6196,200,True
isardvdi,/predict/CAN_EH_PUERTO_DE_LA_ESTACA,10,0.6174,200,True
isardvdi,/predict/CAN_EH_PUERTO_DE_LA_ESTACA,11,0.5857,200,True
isardvdi,/predict/CAN_EH_PUERTO_DE_LA_ESTACA,12,0.5955,200,True
isardvdi,/predict/CAN_EH_PUERTO_DE_LA_ESTACA,13,0.6155,200,True
isardvdi,/predict/CAN_EH_PUERTO_DE_LA_ESTACA,14,0.5689,200,True
isardvdi,/predict/CAN_EH_PUERTO_DE_LA_ESTACA,15,0.5905,200,True
isardvdi,/predict/CAN_EH_PUERTO_DE_LA_ESTACA,16,0.5747,200,True
isardvdi,/predict/CAN_EH_PUERTO_DE_LA_ESTACA,17,1.2836,200,True
isardvdi,/predict/CAN_EH_PUERTO_DE_LA_ESTACA,18,0.7847,200,True
isardvdi,/predict/CAN_EH_PUERTO_DE_LA_ESTACA,19,0.946,200,True
isardvdi,/predict/CAN_EH_PUERTO_DE_LA_ESTACA,20,0.7658,200,True
isardvdi,/predict/CAN_EH_PUERTO_DE_LA_ESTACA,21,0.7087,200,True
isardvdi,/predict/CAN_EH_PUERTO_DE_LA_ESTACA,22,0.6695,200,True
isardvdi,/predict/CAN_EH_PUERTO_DE_LA_ESTACA,23,0.6504,200,True
isardvdi,/predict/CAN_EH_PUERTO_DE_LA_ESTACA,24,0.6562,200,True
isardvdi,/predict/CAN_EH_PUERTO_DE_LA_ESTACA,25,1.0745,200,True
isardvdi,/predict/CAN_EH_PUERTO_DE_LA_ESTACA,26,0.7621,200,True
isardvdi,/predict/CAN_EH_PUERTO_DE_LA_ESTACA,27,0.6904,200,True
isardvdi,/predict/CAN_EH_PUERTO_DE_LA_ESTACA,28,0.662,200,True
isardvdi,/predict/CAN_EH_PUERTO_DE_LA_ESTACA,29,0.6563,200,True
isardvdi,/predict/CAN_EH_PUERTO_DE_LA_ESTACA,30,0.6513,200,True
isardvdi,/predict/CAN_EH_PUERTO_DE_LA_ESTACA,31,0.6439,200,True
isardvdi,/predict/CAN_EH_PUERTO_DE_LA_ESTACA,32,0.6543,200,True
isardvdi,/predict/CAN_EH_PUERTO_DE_LA_ESTACA,33,0.7875,200,True
isardvdi,/predict/CAN_EH_PUERTO_DE_LA_ESTACA,34,0.7953,200,True
isardvdi,/predict/CAN_EH_PUERTO_DE_LA_ESTACA,35,0.6987,200,True
isardvdi,/predict/CAN_EH_PUERTO_DE_LA_ESTACA,36,0.6593,200,True
isardvdi,/predict/CAN_EH_PUERTO_DE_LA_ESTACA,37,0.6519,200,True
isardvdi,/predict/CAN_EH_PUERTO_DE_LA_ESTACA,38,0.6417,200,True
isardvdi,/predict/CAN_EH_PUERTO_DE_LA_ESTACA,39,0.6616,200,True
isardvdi,/predict/CAN_EH_PUERTO_DE_LA_ESTACA,40,0.6624,200,True
isardvdi,/predict/CAN_EH_PUERTO_DE_LA_ESTACA,41,0.8261,200,True
isardvdi,/predict/CAN_EH_PUERTO_DE_LA_ESTACA,42,0.8975,200,True
isardvdi,/predict/CAN_EH_PUERTO_DE_LA_ESTACA,43,1.0904,200,True
isardvdi,/predict/CAN_EH_PUERTO_DE_LA_ESTACA,44,0.7252,200,True
isardvdi,/predict/CAN_EH_PUERTO_DE_LA_ESTACA,45,0.6961,200,True
isardvdi,/predict/CAN_EH_PUERTO_DE_LA_ESTACA,46,0.6824,200,True
isardvdi,/predict/CAN_EH_PUERTO_DE_LA_ESTACA,47,0.6511,200,True
isardvdi,/predict/CAN_EH_PUERTO_DE_LA_ESTACA,48,0.6905,200,True
isardvdi,/predict/CAN_EH_PUERTO_DE_LA_ESTACA,49,0.7171,200,True
isardvdi,/predict/CAN_EH_PUERTO_DE_LA_ESTACA,50,0.6759,200,True
isardvdi,/predict/CAN_EH_PUERTO_DE_LA_ESTACA?horizon=24,1,0.695,200,True
isardvdi,/predict/CAN_EH_PUERTO_DE_LA_ESTACA?horizon=24,2,0.647,200,True
isardvdi,/predict/CAN_EH_PUERTO_DE_LA_ESTACA?horizon=24,3,0.6264,200,True
isardvdi,/predict/CAN_EH_PUERTO_DE_LA_ESTACA?horizon=24,4,0.632,200,True
isardvdi,/predict/CAN_EH_PUERTO_DE_LA_ESTACA?horizon=24,5,0.6253,200,True
isardvdi,/predict/CAN_EH_PUERTO_DE_LA_ESTACA?horizon=24,6,0.6247,200,True
isardvdi,/predict/CAN_EH_PUERTO_DE_LA_ESTACA?horizon=24,7,0.8809,200,True
isardvdi,/predict/CAN_EH_PUERTO_DE_LA_ESTACA?horizon=24,8,0.7951,200,True
isardvdi,/predict/CAN_EH_PUERTO_DE_LA_ESTACA?horizon=24,9,0.6557,200,True
isardvdi,/predict/CAN_EH_PUERTO_DE_LA_ESTACA?horizon=24,10,0.634,200,True
isardvdi,/predict/CAN_EH_PUERTO_DE_LA_ESTACA?horizon=24,11,0.6152,200,True
isardvdi,/predict/CAN_EH_PUERTO_DE_LA_ESTACA?horizon=24,12,0.6253,200,True
isardvdi,/predict/CAN_EH_PUERTO_DE_LA_ESTACA?horizon=24,13,0.5982,200,True
isardvdi,/predict/CAN_EH_PUERTO_DE_LA_ESTACA?horizon=24,14,0.895,200,True
isardvdi,/predict/CAN_EH_PUERTO_DE_LA_ESTACA?horizon=24,15,0.9902,200,True
isardvdi,/predict/CAN_EH_PUERTO_DE_LA_ESTACA?horizon=24,16,0.826,200,True
isardvdi,/predict/CAN_EH_PUERTO_DE_LA_ESTACA?horizon=24,17,0.6241,200,True
isardvdi,/predict/CAN_EH_PUERTO_DE_LA_ESTACA?horizon=24,18,0.6076,200,True
isardvdi,/predict/CAN_EH_PUERTO_DE_LA_ESTACA?horizon=24,19,0.5677,200,True
isardvdi,/predict/CAN_EH_PUERTO_DE_LA_ESTACA?horizon=24,20,0.7902,200,True
isardvdi,/predict/CAN_EH_PUERTO_DE_LA_ESTACA?horizon=24,21,0.7292,200,True
isardvdi,/predict/CAN_EH_PUERTO_DE_LA_ESTACA?horizon=24,22,0.9032,200,True
isardvdi,/predict/CAN_EH_PUERTO_DE_LA_ESTACA?horizon=24,23,0.695,200,True
isardvdi,/predict/CAN_EH_PUERTO_DE_LA_ESTACA?horizon=24,24,0.666,200,True
isardvdi,/predict/CAN_EH_PUERTO_DE_LA_ESTACA?horizon=24,25,0.621,200,True
isardvdi,/predict/CAN_EH_PUERTO_DE_LA_ESTACA?horizon=24,26,0.6056,200,True
isardvdi,/predict/CAN_EH_PUERTO_DE_LA_ESTACA?horizon=24,27,0.6154,200,True
isardvdi,/predict/CAN_EH_PUERTO_DE_LA_ESTACA?horizon=24,28,0.592,200,True
isardvdi,/predict/CAN_EH_PUERTO_DE_LA_ESTACA?horizon=24,29,0.707,200,True
isardvdi,/predict/CAN_EH_PUERTO_DE_LA_ESTACA?horizon=24,30,0.6806,200,True
isardvdi,/predict/CAN_EH_PUERTO_DE_LA_ESTACA?horizon=24,31,0.6533,200,True
isardvdi,/predict/CAN_EH_PUERTO_DE_LA_ESTACA?horizon=24,32,0.6184,200,True
isardvdi,/predict/CAN_EH_PUERTO_DE_LA_ESTACA?horizon=24,33,0.6142,200,True
isardvdi,/predict/CAN_EH_PUERTO_DE_LA_ESTACA?horizon=24,34,0.5948,200,True
isardvdi,/predict/CAN_EH_PUERTO_DE_LA_ESTACA?horizon=24,35,0.6163,200,True
isardvdi,/predict/CAN_EH_PUERTO_DE_LA_ESTACA?horizon=24,36,0.6162,200,True
isardvdi,/predict/CAN_EH_PUERTO_DE_LA_ESTACA?horizon=24,37,0.6463,200,True
isardvdi,/predict/CAN_EH_PUERTO_DE_LA_ESTACA?horizon=24,38,0.7446,200,True
isardvdi,/predict/CAN_EH_PUERTO_DE_LA_ESTACA?horizon=24,39,0.6876,200,True
isardvdi,/predict/CAN_EH_PUERTO_DE_LA_ESTACA?horizon=24,40,0.8708,200,True
isardvdi,/predict/CAN_EH_PUERTO_DE_LA_ESTACA?horizon=24,41,0.6725,200,True
isardvdi,/predict/CAN_EH_PUERTO_DE_LA_ESTACA?horizon=24,42,0.6311,200,True
isardvdi,/predict/CAN_EH_PUERTO_DE_LA_ESTACA?horizon=24,43,0.642,200,True
isardvdi,/predict/CAN_EH_PUERTO_DE_LA_ESTACA?horizon=24,44,0.7072,200,True
isardvdi,/predict/CAN_EH_PUERTO_DE_LA_ESTACA?horizon=24,45,0.6605,200,True
isardvdi,/predict/CAN_EH_PUERTO_DE_LA_ESTACA?horizon=24,46,0.6606,200,True
isardvdi,/predict/CAN_EH_PUERTO_DE_LA_ESTACA?horizon=24,47,0.608,200,True
isardvdi,/predict/CAN_EH_PUERTO_DE_LA_ESTACA?horizon=24,48,0.6208,200,True
isardvdi,/predict/CAN_EH_PUERTO_DE_LA_ESTACA?horizon=24,49,0.6432,200,True
isardvdi,/predict/CAN_EH_PUERTO_DE_LA_ESTACA?horizon=24,50,0.5915,200,True
isardvdi,/risk/CAN_EH_PUERTO_DE_LA_ESTACA,1,0.888,200,True
isardvdi,/risk/CAN_EH_PUERTO_DE_LA_ESTACA,2,0.8666,200,True
isardvdi,/risk/CAN_EH_PUERTO_DE_LA_ESTACA,3,0.6968,200,True
isardvdi,/risk/CAN_EH_PUERTO_DE_LA_ESTACA,4,0.6167,200,True
isardvdi,/risk/CAN_EH_PUERTO_DE_LA_ESTACA,5,0.6064,200,True
isardvdi,/risk/CAN_EH_PUERTO_DE_LA_ESTACA,6,0.616,200,True
isardvdi,/risk/CAN_EH_PUERTO_DE_LA_ESTACA,7,0.6036,200,True
isardvdi,/risk/CAN_EH_PUERTO_DE_LA_ESTACA,8,0.6107,200,True
isardvdi,/risk/CAN_EH_PUERTO_DE_LA_ESTACA,9,0.6107,200,True
isardvdi,/risk/CAN_EH_PUERTO_DE_LA_ESTACA,10,1.0303,200,True
isardvdi,/risk/CAN_EH_PUERTO_DE_LA_ESTACA,11,0.6595,200,True
isardvdi,/risk/CAN_EH_PUERTO_DE_LA_ESTACA,12,0.6247,200,True
isardvdi,/risk/CAN_EH_PUERTO_DE_LA_ESTACA,13,0.7045,200,True
isardvdi,/risk/CAN_EH_PUERTO_DE_LA_ESTACA,14,0.6904,200,True
isardvdi,/risk/CAN_EH_PUERTO_DE_LA_ESTACA,15,0.6407,200,True
isardvdi,/risk/CAN_EH_PUERTO_DE_LA_ESTACA,16,0.6282,200,True
isardvdi,/risk/CAN_EH_PUERTO_DE_LA_ESTACA,17,0.6095,200,True
isardvdi,/risk/CAN_EH_PUERTO_DE_LA_ESTACA,18,0.6153,200,True
isardvdi,/risk/CAN_EH_PUERTO_DE_LA_ESTACA,19,0.6896,200,True
isardvdi,/risk/CAN_EH_PUERTO_DE_LA_ESTACA,20,0.6704,200,True
isardvdi,/risk/CAN_EH_PUERTO_DE_LA_ESTACA,21,0.6249,200,True
isardvdi,/risk/CAN_EH_PUERTO_DE_LA_ESTACA,22,0.607,200,True
isardvdi,/risk/CAN_EH_PUERTO_DE_LA_ESTACA,23,0.5957,200,True
isardvdi,/risk/CAN_EH_PUERTO_DE_LA_ESTACA,24,0.5963,200,True
isardvdi,/risk/CAN_EH_PUERTO_DE_LA_ESTACA,25,0.5937,200,True
isardvdi,/risk/CAN_EH_PUERTO_DE_LA_ESTACA,26,0.6468,200,True
isardvdi,/risk/CAN_EH_PUERTO_DE_LA_ESTACA,27,0.6085,200,True
isardvdi,/risk/CAN_EH_PUERTO_DE_LA_ESTACA,28,0.8021,200,True
isardvdi,/risk/CAN_EH_PUERTO_DE_LA_ESTACA,29,0.6842,200,True
isardvdi,/risk/CAN_EH_PUERTO_DE_LA_ESTACA,30,0.6437,200,True
isardvdi,/risk/CAN_EH_PUERTO_DE_LA_ESTACA,31,0.6053,200,True
isardvdi,/risk/CAN_EH_PUERTO_DE_LA_ESTACA,32,0.5858,200,True
isardvdi,/risk/CAN_EH_PUERTO_DE_LA_ESTACA,33,0.6136,200,True
isardvdi,/risk/CAN_EH_PUERTO_DE_LA_ESTACA,34,0.5919,200,True
isardvdi,/risk/CAN_EH_PUERTO_DE_LA_ESTACA,35,0.5939,200,True
isardvdi,/risk/CAN_EH_PUERTO_DE_LA_ESTACA,36,0.7042,200,True
isardvdi,/risk/CAN_EH_PUERTO_DE_LA_ESTACA,37,0.9461,200,True
isardvdi,/risk/CAN_EH_PUERTO_DE_LA_ESTACA,38,0.8563,200,True
isardvdi,/risk/CAN_EH_PUERTO_DE_LA_ESTACA,39,0.7091,200,True
isardvdi,/risk/CAN_EH_PUERTO_DE_LA_ESTACA,40,0.6243,200,True
isardvdi,/risk/CAN_EH_PUERTO_DE_LA_ESTACA,41,0.6053,200,True
isardvdi,/risk/CAN_EH_PUERTO_DE_LA_ESTACA,42,0.6089,200,True
isardvdi,/risk/CAN_EH_PUERTO_DE_LA_ESTACA,43,0.6102,200,True
isardvdi,/risk/CAN_EH_PUERTO_DE_LA_ESTACA,44,0.6096,200,True
isardvdi,/risk/CAN_EH_PUERTO_DE_LA_ESTACA,45,0.7608,200,True
isardvdi,/risk/CAN_EH_PUERTO_DE_LA_ESTACA,46,0.6542,200,True
isardvdi,/risk/CAN_EH_PUERTO_DE_LA_ESTACA,47,0.6031,200,True
isardvdi,/risk/CAN_EH_PUERTO_DE_LA_ESTACA,48,0.5842,200,True
isardvdi,/risk/CAN_EH_PUERTO_DE_LA_ESTACA,49,0.6091,200,True
isardvdi,/risk/CAN_EH_PUERTO_DE_LA_ESTACA,50,0.5786,200,True
isardvdi,/surf/CAN_EH_PUERTO_DE_LA_ESTACA,1,0.9054,200,True
isardvdi,/surf/CAN_EH_PUERTO_DE_LA_ESTACA,2,0.8563,200,True
isardvdi,/surf/CAN_EH_PUERTO_DE_LA_ESTACA,3,0.7886,200,True
isardvdi,/surf/CAN_EH_PUERTO_DE_LA_ESTACA,4,0.6895,200,True
isardvdi,/surf/CAN_EH_PUERTO_DE_LA_ESTACA,5,0.6213,200,True
isardvdi,/surf/CAN_EH_PUERTO_DE_LA_ESTACA,6,0.597,200,True
isardvdi,/surf/CAN_EH_PUERTO_DE_LA_ESTACA,7,0.6004,200,True
isardvdi,/surf/CAN_EH_PUERTO_DE_LA_ESTACA,8,0.5791,200,True
isardvdi,/surf/CAN_EH_PUERTO_DE_LA_ESTACA,9,0.6329,200,True
isardvdi,/surf/CAN_EH_PUERTO_DE_LA_ESTACA,10,0.7625,200,True
isardvdi,/surf/CAN_EH_PUERTO_DE_LA_ESTACA,11,0.7158,200,True
isardvdi,/surf/CAN_EH_PUERTO_DE_LA_ESTACA,12,0.8579,200,True
isardvdi,/surf/CAN_EH_PUERTO_DE_LA_ESTACA,13,0.7792,200,True
isardvdi,/surf/CAN_EH_PUERTO_DE_LA_ESTACA,14,0.6908,200,True
isardvdi,/surf/CAN_EH_PUERTO_DE_LA_ESTACA,15,0.6143,200,True
isardvdi,/surf/CAN_EH_PUERTO_DE_LA_ESTACA,16,0.5959,200,True
isardvdi,/surf/CAN_EH_PUERTO_DE_LA_ESTACA,17,0.8282,200,True
isardvdi,/surf/CAN_EH_PUERTO_DE_LA_ESTACA,18,0.9277,200,True
isardvdi,/surf/CAN_EH_PUERTO_DE_LA_ESTACA,19,0.8389,200,True
isardvdi,/surf/CAN_EH_PUERTO_DE_LA_ESTACA,20,0.6701,200,True
isardvdi,/surf/CAN_EH_PUERTO_DE_LA_ESTACA,21,0.6047,200,True
isardvdi,/surf/CAN_EH_PUERTO_DE_LA_ESTACA,22,0.5892,200,True
isardvdi,/surf/CAN_EH_PUERTO_DE_LA_ESTACA,23,0.5552,200,True
isardvdi,/surf/CAN_EH_PUERTO_DE_LA_ESTACA,24,0.5801,200,True
isardvdi,/surf/CAN_EH_PUERTO_DE_LA_ESTACA,25,0.571,200,True
isardvdi,/surf/CAN_EH_PUERTO_DE_LA_ESTACA,26,0.6643,200,True
isardvdi,/surf/CAN_EH_PUERTO_DE_LA_ESTACA,27,0.6014,200,True
isardvdi,/surf/CAN_EH_PUERTO_DE_LA_ESTACA,28,0.7897,200,True
isardvdi,/surf/CAN_EH_PUERTO_DE_LA_ESTACA,29,0.6422,200,True
isardvdi,/surf/CAN_EH_PUERTO_DE_LA_ESTACA,30,0.5597,200,True
isardvdi,/surf/CAN_EH_PUERTO_DE_LA_ESTACA,31,0.5543,200,True
isardvdi,/surf/CAN_EH_PUERTO_DE_LA_ESTACA,32,0.5407,200,True
isardvdi,/surf/CAN_EH_PUERTO_DE_LA_ESTACA,33,0.5283,200,True
isardvdi,/surf/CAN_EH_PUERTO_DE_LA_ESTACA,34,0.5394,200,True
isardvdi,/surf/CAN_EH_PUERTO_DE_LA_ESTACA,35,0.7977,200,True
isardvdi,/surf/CAN_EH_PUERTO_DE_LA_ESTACA,36,0.9031,200,True
isardvdi,/surf/CAN_EH_PUERTO_DE_LA_ESTACA,37,0.5889,200,True
isardvdi,/surf/CAN_EH_PUERTO_DE_LA_ESTACA,38,0.6017,200,True
isardvdi,/surf/CAN_EH_PUERTO_DE_LA_ESTACA,39,0.5735,200,True
isardvdi,/surf/CAN_EH_PUERTO_DE_LA_ESTACA,40,0.5681,200,True
isardvdi,/surf/CAN_EH_PUERTO_DE_LA_ESTACA,41,0.5876,200,True
isardvdi,/surf/CAN_EH_PUERTO_DE_LA_ESTACA,42,0.6733,200,True
isardvdi,/surf/CAN_EH_PUERTO_DE_LA_ESTACA,43,0.8231,200,True
isardvdi,/surf/CAN_EH_PUERTO_DE_LA_ESTACA,44,0.7154,200,True
isardvdi,/surf/CAN_EH_PUERTO_DE_LA_ESTACA,45,0.6657,200,True
isardvdi,/surf/CAN_EH_PUERTO_DE_LA_ESTACA,46,0.61,200,True
isardvdi,/surf/CAN_EH_PUERTO_DE_LA_ESTACA,47,0.6016,200,True
isardvdi,/surf/CAN_EH_PUERTO_DE_LA_ESTACA,48,0.5712,200,True
isardvdi,/surf/CAN_EH_PUERTO_DE_LA_ESTACA,49,0.5573,200,True
isardvdi,/surf/CAN_EH_PUERTO_DE_LA_ESTACA,50,0.5873,200,True
