target_name,horizon_hours,mae_model,mae_persistence,mae_improvement_pct,rmse_model,rmse_persistence,rmse_improvement_pct,r2_model,corr_model,recommended_use
current_speed,3,0.0690777137062038,0.0543856272556468,-27.014649259251783,0.0919944758463064,0.0698171012982756,-31.764960354460488,0.4307734125910945,0.7739585306889513,not_priority
current_speed,6,0.0760976164726936,0.0807424001217736,5.752595466662967,0.0986930732447208,0.1033149767821734,4.473604584161408,0.3450113529084734,0.6613734503301493,not_priority
current_speed,12,0.0787438050734079,0.0840321180085213,6.293204384753323,0.1038167869626703,0.1092337300993451,4.959038871736985,0.2756500296169896,0.6644249600576698,not_priority
current_speed,24,0.0842858756307517,0.0553239993540264,-52.3495709183892,0.1115620138847112,0.0770018141488517,-44.88231883608796,0.164922393413208,0.6326539986423595,not_priority
current_speed,48,0.0722577387688659,0.076050773604078,4.987503289524313,0.1014415382014455,0.102817862181632,1.338603965286855,0.3119779126831753,0.5597801357255773,not_priority
daily_tidal_range,3,0.0093933053375247,0.02051217223777,54.20618923904919,0.0224171768691507,0.0684972253249688,67.27286869972072,0.9978646950849333,0.998931884866532,main
daily_tidal_range,6,0.0159161675482455,0.04099355518518,61.17397606441423,0.0327018234839912,0.0967930104986636,66.21468501132858,0.9954590075050574,0.9977271789269934,main
daily_tidal_range,12,0.0316222322600067,0.0820401161245968,61.45515906878888,0.0502042521357216,0.1368828663129211,63.32320217422085,0.9893106264439367,0.9946653468241784,main
daily_tidal_range,24,0.0556227205526841,0.1641464991445057,66.11397693975981,0.0724134909716272,0.1934530807678827,62.56793084700803,0.9777925853186392,0.9889139296424008,main
daily_tidal_range,48,0.092722715024502,0.3134008056126809,70.41401510017363,0.1174323271131249,0.3694962739075809,68.21826486334274,0.9416880155915398,0.9712192505451964,main
hs,3,0.0562254427618858,0.0888290881876464,36.703793870862725,0.0960332244982262,0.1303481768346011,26.325609739764253,0.9857156549439616,0.9929359021365648,main
hs,6,0.1044166267974285,0.1548100392311404,32.5517729237647,0.1593035204327441,0.22391385415807,28.854996028836528,0.9606956623709516,0.9804557758885342,main
hs,12,0.1917114604284492,0.2541954851061016,24.58109145863525,0.2781067285501721,0.3683948884792644,24.50852678814362,0.8802780618400492,0.9392295947474336,main
hs,24,0.3159057509983698,0.3864841579949272,18.261655888488903,0.4470751019461585,0.5555031144020742,19.5188847091567,0.6912050017267313,0.8332225436966454,main
hs,48,0.443218597064323,0.5392471939143304,17.807899222052015,0.5982790757998016,0.7321585428531537,18.285584230382177,0.4487680912136133,0.674124780863652,main
sea_level,3,0.0198898486859998,0.6367682356042043,96.8764383061402,0.0283546348272232,0.7489102828384943,96.21388095784258,0.997368839718326,0.9986872571286964,main
sea_level,6,0.0340981289658615,0.9239716561869648,96.3096130993263,0.0549968535243231,1.0845280481905688,94.92895977968664,0.99009987325412,0.9950415798257272,main
sea_level,12,0.0253526307320812,0.140903186603703,82.00705651648121,0.0486920224093461,0.1724339816305393,71.76193349540888,0.9922417717941592,0.9962038916797435,main
sea_level,24,0.0347840677196082,0.1904943085282714,81.74010132463046,0.0726888125919588,0.2200714250147842,66.97035401707622,0.982718065101842,0.9917599859194672,main
sea_level,48,0.0533269830382994,0.37110572937651,85.6302452867291,0.0797704117382487,0.4272249765544721,81.32824246803419,0.9791911184485276,0.9903433309592036,main
sea_surface_salinity,3,0.0342192147095978,0.0031385162459868,-990.2991103950296,0.1892322192697561,0.0128922010406756,-1367.8038193223797,-0.5926298043198719,0.6586618950603284,not_priority
sea_surface_salinity,6,0.0400231624915771,0.0059566803443135,-571.9038151809551,0.2229207725107098,0.0184128454105569,-1110.6807369538833,-1.2096240689149198,0.6153862311843604,not_priority
sea_surface_salinity,12,0.0467797586761103,0.0111230438124423,-320.5661639467949,0.1909343678271103,0.0259841329363367,-634.8113877608131,-0.6201822597527376,0.5746206264802693,not_priority
sea_surface_salinity,24,0.0543942272992674,0.0210248793828603,-158.71362355405495,0.1081299179361491,0.0364112597826586,-196.96835149781768,0.4809327596836918,0.7106919480259147,not_priority
sea_surface_salinity,48,0.0520584052526711,0.0337907985742263,-54.06089068394596,0.1022217972494432,0.0535941940853291,-90.73296836349914,0.5373770999627587,0.7542717018302609,not_priority
sea_surface_temperature,3,0.0772223814759205,0.0731189707539506,-5.611964555379389,0.1159581463422685,0.1116758254234373,-3.834599746716944,0.9933403847585288,0.9970681484906964,not_priority
sea_surface_temperature,6,0.1038398080480512,0.1276471874402219,18.650923588363295,0.1555526254601246,0.1880069155040516,17.26228524994208,0.9880148256895114,0.9947526938966852,not_priority
sea_surface_temperature,12,0.1430003619796392,0.1760093877608032,18.75412794800651,0.2122695237768453,0.2489305116724881,14.72739828047947,0.9776731677264582,0.9903436339507726,not_priority
sea_surface_temperature,24,0.1627896046794679,0.12970719319682,-25.505456302988566,0.2472629888521436,0.1966738780143955,-25.722333513983585,0.9696837303282356,0.9860532894893524,not_priority
sea_surface_temperature,48,0.2030562578041802,0.1921591256226092,-5.6708897619426235,0.2877694040475643,0.2718274646525921,-5.864727250922479,0.9589017668115336,0.9803574721118372,not_priority
swell_height,3,0.1150893226132624,0.1421578030027838,19.041149917737076,0.1775341072066135,0.227515760094376,21.968435446858532,0.9434522215053373,0.971413288451816,main
swell_height,6,0.1494211228187933,0.2108072956050686,29.11956752259544,0.2167384862598759,0.309356948042515,29.93902751132343,0.9157347115266768,0.9572767234628656,main
swell_height,12,0.2060046618582121,0.3004930653027963,31.444453917554306,0.2960643919424132,0.4273073202764908,30.713943362626317,0.8428230832747812,0.9191516715670216,main
swell_height,24,0.3107992865768822,0.4025555351127114,22.79343855255607,0.4391402105758102,0.5726803739483817,23.31844593378855,0.6546860573975595,0.8111626913129621,main
swell_height,48,0.4131158127143401,0.5076301019412355,18.61873219603446,0.5659710860904018,0.6995114830861361,19.090522489577268,0.4281180982032777,0.6617795509048702,main
swell_period,3,0.8777694841235318,0.8851451709959768,0.833274259876007,1.4451740799957706,1.724413789711156,16.19331226539071,0.7345384367136172,0.857174309731713,main
swell_period,6,1.0894251512595496,1.2275782655011358,11.254118627229666,1.6676565183774756,2.0850832911114505,20.019668975020473,0.6464882014865712,0.8041815031485995,main
swell_period,12,1.3424310284745695,1.6095074950508843,16.593676475415915,1.941518247421997,2.446571612609063,20.643310115434108,0.5209390808493463,0.7218810910516618,main
swell_period,24,1.6200735139788418,1.949255493271567,16.887574790939137,2.2106575294419253,2.761615574430813,19.950569879822748,0.3792018009353359,0.6168233764636368,main
swell_period,48,1.8122640810603057,2.3080462540444633,21.48059953804577,2.381532227847766,3.086562487448229,22.84192406495994,0.278578346076876,0.5336996555497656,main
tm02,3,0.2042650668487906,0.2678105787943816,23.72778261099971,0.3213875691434604,0.4199047746986221,23.461796933809673,0.9675765564501108,0.9836951403131492,main
tm02,6,0.3296779663418154,0.422350403135799,21.942073715550947,0.4904956945692855,0.6390540558677608,23.24660330912858,0.924441809330976,0.961607214215346,main
tm02,12,0.4959950842737889,0.622738690608116,20.352614707552465,0.7228958372108818,0.9240070161065812,21.7651138346445,0.8356490116603772,0.9143218911264516,main
tm02,24,0.7200518459701833,0.8551155688862005,15.794791701891183,1.036264211221145,1.2400191518037915,16.431596260933105,0.6615474237810326,0.8134574299671012,main
tm02,48,0.9118365944266216,1.0971159860888404,16.887858167369334,1.2575755794221153,1.523232366562552,17.44033234666219,0.5015203052182169,0.7081832280772251,main
tp,3,0.6255007040128501,0.4976100142027043,-25.70098795440413,1.2288143182333306,1.410291326665652,12.86805108993948,0.8621120850874149,0.9285505223818826,secondary
tp,6,0.9204626359035154,0.877222525831803,-4.929206535218765,1.574259936282535,1.86626594148709,15.64653775827239,0.7737115630905762,0.8797345535760416,secondary
tp,12,1.260479814504874,1.406718904333652,10.395757772093788,1.951270210722553,2.373068391156522,17.774379449232992,0.6523983391037167,0.8077864303559106,secondary
tp,24,1.644115149460284,1.956067325850006,15.947926345232704,2.309800925433456,2.8660004606839955,19.406819464285697,0.5131559145634697,0.7164754185338624,secondary
tp,48,1.937291954745823,2.3944065177845535,19.0909337927162,2.555667748169373,3.2690358640061117,21.82197276240727,0.4036962770472035,0.6355777531620483,secondary
wind_speed,3,0.9472751451865656,1.1067744062515124,14.41118082998937,1.3348753389295165,1.6265088060065684,17.930026938684428,0.7847954732989776,0.8862661845667165,main
wind_speed,6,1.160700622668723,1.4068134367514948,17.494346276011996,1.5796330408454708,1.9748912132341496,20.014174438570233,0.6986212510267371,0.836494771541422,main
wind_speed,12,1.3933316903508082,1.707292101931256,18.389378784409637,1.8563572001594555,2.3473432003051102,20.9166686866171,0.5837521546840294,0.7650968551722819,main
wind_speed,24,1.7088119534007586,2.003565919254478,14.711468338580868,2.225533076359464,2.705563292831779,17.742339192142538,0.4019641212457553,0.6356911599211061,main
wind_speed,48,2.031653706195754,2.50464123248224,18.884442216809195,2.571567131971844,3.2634465075609342,21.200879928201843,0.2014379069491582,0.4528236876077238,main
wind_wave_height,3,0.1724752569976638,0.186443974140354,7.492179464150817,0.2647282760467221,0.3016752501209471,12.247267238334008,0.8411880540713836,0.918436007206368,secondary
wind_wave_height,6,0.2317575963337401,0.2618418939109669,11.489489755774592,0.3385324340908119,0.4007380515610624,15.522762869143689,0.740254958624665,0.8626078520760795,secondary
wind_wave_height,12,0.2918190558692326,0.3382355755354576,13.723133526904569,0.4165168899538679,0.5059006549225746,17.668244565207452,0.6068909392596424,0.7818825949296789,secondary
wind_wave_height,24,0.3673820344147868,0.3988892977776733,7.898748735155959,0.5102094045292539,0.6005770648793329,15.04680508707664,0.4110669778640717,0.6432894136535684,secondary
wind_wave_height,48,0.4483901917330035,0.521975207021096,14.097415796440016,0.6069289549080491,0.7469047260022957,18.740779944377593,0.168241954124759,0.4180169288554183,secondary
